<?xml version="1.0" encoding="UTF-8"?>
<project-private xmlns="http://www.netbeans.org/ns/project-private/1">
    <editor-bookmarks xmlns="http://www.netbeans.org/ns/editor-bookmarks/2" lastBookmarkId="0"/>
    <open-files xmlns="http://www.netbeans.org/ns/projectui-open-files/2">
        <group>
            <file>file:/C:/Users/JOSE/Documents/NetBeansProjects/app_movil_recictrash/src/app_movil_recictrash/screen_mapas_rutas.java</file>
            <file>file:/C:/Users/JOSE/Documents/NetBeansProjects/app_movil_recictrash/src/app_movil_recictrash/screen_gestion_roles.java</file>
            <file>file:/C:/Users/JOSE/Documents/NetBeansProjects/app_movil_recictrash/src/app_movil_recictrash/mapa.html</file>
        </group>
    </open-files>
</project-private>
